NomLog;Licence;Version;PcInst;TechInst
Chrome;Licence-3327;Version-6;72;Hugo Thieb
Chrome;Licence-8703;Version-4;107;Alexandre PP
Opera;Licence-6802;Version-6;91;Alexandre PP
Chrome;Licence-4254;Version-5;40;Philippe Kim
Office365;Licence-7910;Version-8;113;Jorlive Missilou
Chrome;Licence-6232;Version-7;70;Hugo Thieb
Office365;Licence-9782;Version-6;8;Hugo Thieb
Chrome;Licence-8557;Version-3;24;Philippe Kim
VirtualBox;Licence-3586;Version-6;52;Philippe Kim
VirtualBox;Licence-3927;Version-3;127;Alexandre PP
Vscode;Licence-6450;Version-5;79;Hugo Thieb
Office365;Licence-7974;Version-9;35;Alexandre PP
Opera;Licence-5519;Version-2;37;Jorlive Missilou
VirtualBox;Licence-9456;Version-9;117;Hugo Thieb
Office365;Licence-5022;Version-6;128;Alexandre PP
Office365;Licence-6857;Version-8;72;Hugo Thieb
Opera;Licence-2931;Version-10;34;Jorlive Missilou
Opera;Licence-7940;Version-6;134;Jorlive Missilou
Office365;Licence-9815;Version-10;33;Philippe Kim
VirtualBox;Licence-5048;Version-4;76;Alexandre PP
Vscode;Licence-8132;Version-4;136;Alexandre PP
Opera;Licence-1735;Version-3;39;Jorlive Missilou
Vscode;Licence-6163;Version-10;32;Hugo Thieb
VirtualBox;Licence-6829;Version-7;128;Jorlive Missilou
Chrome;Licence-2646;Version-10;93;Hugo Thieb
Office365;Licence-2173;Version-8;95;Hugo Thieb
Vscode;Licence-7841;Version-3;102;Jorlive Missilou
Chrome;Licence-6951;Version-7;99;Philippe Kim
VirtualBox;Licence-1870;Version-4;49;Hugo Thieb
Office365;Licence-9561;Version-7;135;Alexandre PP
VirtualBox;Licence-2794;Version-2;8;Hugo Thieb
Office365;Licence-9636;Version-8;150;Philippe Kim
Opera;Licence-3406;Version-8;139;Philippe Kim
Office365;Licence-5415;Version-5;145;Philippe Kim
Chrome;Licence-3833;Version-5;108;Jorlive Missilou
VirtualBox;Licence-3561;Version-6;70;Hugo Thieb
Vscode;Licence-8236;Version-9;117;Jorlive Missilou
VirtualBox;Licence-1528;Version-4;101;Philippe Kim
Office365;Licence-9244;Version-8;44;Jorlive Missilou
VirtualBox;Licence-1169;Version-1;52;Hugo Thieb
Vscode;Licence-7799;Version-8;94;Alexandre PP
Office365;Licence-7670;Version-10;143;Jorlive Missilou
Office365;Licence-8915;Version-3;94;Alexandre PP
Office365;Licence-8696;Version-2;13;Jorlive Missilou
VirtualBox;Licence-6622;Version-8;144;Hugo Thieb
VirtualBox;Licence-9539;Version-9;101;Alexandre PP
Vscode;Licence-3519;Version-10;144;Hugo Thieb
VirtualBox;Licence-8273;Version-1;67;Philippe Kim
VirtualBox;Licence-9237;Version-4;42;Philippe Kim
Chrome;Licence-4676;Version-3;44;Philippe Kim
Chrome;Licence-2376;Version-2;84;Hugo Thieb
Opera;Licence-3493;Version-4;100;Philippe Kim
Vscode;Licence-2978;Version-1;3;Philippe Kim
Opera;Licence-3212;Version-10;17;Philippe Kim
Office365;Licence-2997;Version-9;44;Philippe Kim
Vscode;Licence-5698;Version-8;91;Alexandre PP
Office365;Licence-2194;Version-1;39;Philippe Kim
Office365;Licence-4775;Version-7;141;Hugo Thieb
Chrome;Licence-5335;Version-1;16;Jorlive Missilou
Chrome;Licence-9765;Version-2;41;Philippe Kim
Opera;Licence-3308;Version-5;24;Hugo Thieb
Chrome;Licence-6912;Version-5;54;Alexandre PP
Opera;Licence-9609;Version-8;107;Philippe Kim
Chrome;Licence-2317;Version-4;41;Philippe Kim
VirtualBox;Licence-6256;Version-2;120;Philippe Kim
Vscode;Licence-4498;Version-4;26;Philippe Kim
Opera;Licence-9972;Version-9;92;Hugo Thieb
VirtualBox;Licence-2758;Version-6;88;Jorlive Missilou
VirtualBox;Licence-4090;Version-8;66;Alexandre PP
Vscode;Licence-4858;Version-3;108;Jorlive Missilou
VirtualBox;Licence-3806;Version-7;90;Jorlive Missilou
VirtualBox;Licence-5943;Version-3;138;Alexandre PP
VirtualBox;Licence-6445;Version-1;117;Alexandre PP
Office365;Licence-8624;Version-1;128;Jorlive Missilou
Chrome;Licence-4537;Version-1;61;Hugo Thieb
Chrome;Licence-2731;Version-6;85;Hugo Thieb
VirtualBox;Licence-6196;Version-9;47;Jorlive Missilou
Vscode;Licence-7614;Version-9;32;Jorlive Missilou
Chrome;Licence-5590;Version-7;51;Alexandre PP
Chrome;Licence-4282;Version-3;1;Hugo Thieb
Chrome;Licence-6417;Version-3;75;Hugo Thieb
VirtualBox;Licence-1332;Version-10;32;Philippe Kim
Office365;Licence-1842;Version-9;148;Alexandre PP
Chrome;Licence-8338;Version-6;128;Hugo Thieb
Office365;Licence-9038;Version-8;97;Hugo Thieb
Opera;Licence-6553;Version-2;138;Hugo Thieb
Office365;Licence-6431;Version-6;81;Jorlive Missilou
Opera;Licence-1376;Version-7;41;Hugo Thieb
Vscode;Licence-8891;Version-6;126;Alexandre PP
VirtualBox;Licence-1956;Version-5;144;Hugo Thieb
VirtualBox;Licence-4145;Version-6;11;Jorlive Missilou
Chrome;Licence-1527;Version-7;105;Philippe Kim
Opera;Licence-6809;Version-3;93;Alexandre PP
Vscode;Licence-6944;Version-7;124;Jorlive Missilou
Vscode;Licence-4941;Version-7;73;Philippe Kim
Chrome;Licence-5699;Version-9;116;Alexandre PP
Vscode;Licence-8421;Version-6;86;Alexandre PP
Vscode;Licence-7069;Version-1;116;Hugo Thieb
Chrome;Licence-2973;Version-2;88;Philippe Kim
Vscode;Licence-9273;Version-2;29;Jorlive Missilou
Office365;Licence-3026;Version-2;92;Jorlive Missilou
Vscode;Licence-1242;Version-8;42;Jorlive Missilou
Opera;Licence-3803;Version-1;18;Hugo Thieb
Office365;Licence-9152;Version-1;88;Alexandre PP
Vscode;Licence-6271;Version-2;72;Philippe Kim
VirtualBox;Licence-9606;Version-9;75;Jorlive Missilou
Vscode;Licence-1420;Version-5;116;Jorlive Missilou
Opera;Licence-9246;Version-6;84;Hugo Thieb
Chrome;Licence-9789;Version-2;127;Jorlive Missilou
Chrome;Licence-8401;Version-8;64;Hugo Thieb
Opera;Licence-8784;Version-2;22;Jorlive Missilou
Office365;Licence-4382;Version-10;97;Jorlive Missilou
Opera;Licence-4568;Version-1;112;Jorlive Missilou
Vscode;Licence-2464;Version-4;144;Alexandre PP
Opera;Licence-7379;Version-8;50;Hugo Thieb
Office365;Licence-8883;Version-10;31;Jorlive Missilou
Office365;Licence-7588;Version-1;67;Philippe Kim
VirtualBox;Licence-7886;Version-6;109;Hugo Thieb
VirtualBox;Licence-5474;Version-3;40;Philippe Kim
Opera;Licence-9429;Version-7;118;Jorlive Missilou
VirtualBox;Licence-5016;Version-8;4;Jorlive Missilou
Office365;Licence-1837;Version-7;48;Hugo Thieb
Chrome;Licence-9584;Version-8;60;Philippe Kim
Vscode;Licence-5014;Version-3;92;Alexandre PP
Office365;Licence-9620;Version-4;75;Philippe Kim
Chrome;Licence-3129;Version-3;69;Jorlive Missilou
Chrome;Licence-9469;Version-9;149;Alexandre PP
Vscode;Licence-8960;Version-8;150;Philippe Kim
Opera;Licence-6012;Version-4;5;Philippe Kim
Chrome;Licence-6780;Version-4;111;Hugo Thieb
Vscode;Licence-4263;Version-6;103;Jorlive Missilou
Chrome;Licence-5692;Version-2;42;Philippe Kim
Opera;Licence-3161;Version-2;48;Hugo Thieb
VirtualBox;Licence-5713;Version-4;75;Philippe Kim
Vscode;Licence-7586;Version-8;32;Hugo Thieb
VirtualBox;Licence-5588;Version-6;56;Jorlive Missilou
Office365;Licence-6566;Version-7;30;Philippe Kim
Opera;Licence-7177;Version-7;129;Philippe Kim
Office365;Licence-9415;Version-6;53;Philippe Kim
VirtualBox;Licence-9822;Version-6;6;Jorlive Missilou
VirtualBox;Licence-6039;Version-8;69;Jorlive Missilou
Chrome;Licence-5920;Version-4;120;Hugo Thieb
Chrome;Licence-8997;Version-2;118;Hugo Thieb
Opera;Licence-1544;Version-9;124;Jorlive Missilou
Chrome;Licence-8115;Version-7;53;Jorlive Missilou
VirtualBox;Licence-5054;Version-6;93;Jorlive Missilou
Chrome;Licence-4677;Version-5;116;Jorlive Missilou
VirtualBox;Licence-4236;Version-7;129;Jorlive Missilou
VirtualBox;Licence-8958;Version-7;128;Alexandre PP
Opera;Licence-5930;Version-9;96;Hugo Thieb
